{"cameraMode":{"drawMode":0,"name":"Shaded","section":"Shading Mode"},"sceneLighting":false,"audioPlay":false,"sceneViewState":{"m_AlwaysRefresh":false,"showFog":true,"showSkybox":false,"showFlares":true,"showImageEffects":true,"showParticleSystems":true,"showVisualEffectGraphs":true,"m_FxEnabled":false},"in2DMode":false,"pivot":{"x":0.4857928454875946,"y":-0.048071861267089847,"z":-4.230343818664551},"rotation":{"x":-0.007077726069837809,"y":-0.9300309419631958,"z":0.36705097556114199,"w":-0.017852917313575746},"size":21.37125587463379,"orthographic":false}