{"cameraMode":{"drawMode":0,"name":"Shaded","section":"Shading Mode"},"sceneLighting":true,"audioPlay":false,"sceneViewState":{"m_AlwaysRefresh":false,"showFog":true,"showSkybox":true,"showFlares":true,"showImageEffects":true,"showParticleSystems":true,"showVisualEffectGraphs":true,"m_FxEnabled":false},"in2DMode":false,"pivot":{"x":2.9968299865722658,"y":13.003406524658204,"z":7.6634297370910648},"rotation":{"x":-0.05325032025575638,"y":0.8320766687393189,"z":-0.5461130738258362,"w":-0.08113285899162293},"size":2.737701654434204,"orthographic":false}