{"cameraMode":{"drawMode":0,"name":"Shaded","section":"Shading Mode"},"sceneLighting":false,"audioPlay":false,"sceneViewState":{"m_AlwaysRefresh":false,"showFog":true,"showSkybox":false,"showFlares":true,"showImageEffects":true,"showParticleSystems":true,"showVisualEffectGraphs":true,"m_FxEnabled":false},"in2DMode":false,"pivot":{"x":-0.1883944571018219,"y":-0.07975633442401886,"z":0.40589970350265505},"rotation":{"x":-0.19988301396369935,"y":0.7941069006919861,"z":-0.45710450410842898,"w":-0.34721246361732485},"size":0.47517305612564089,"orthographic":false}