{"cameraMode":{"drawMode":0,"name":"Shaded","section":"Shading Mode"},"sceneLighting":true,"audioPlay":false,"sceneViewState":{"m_AlwaysRefresh":false,"showFog":true,"showSkybox":true,"showFlares":true,"showImageEffects":true,"showParticleSystems":true,"showVisualEffectGraphs":true,"m_FxEnabled":false},"in2DMode":false,"pivot":{"x":0.23174095153808595,"y":-0.16076135635375977,"z":-0.3685154914855957},"rotation":{"x":-0.030857382342219354,"y":0.9672762751579285,"z":-0.20647390186786652,"w":-0.14440065622329713},"size":3.134686231613159,"orthographic":false}