{"cameraMode":{"drawMode":0,"name":"Shaded","section":"Shading Mode"},"sceneLighting":false,"audioPlay":false,"sceneViewState":{"m_AlwaysRefresh":false,"showFog":true,"showSkybox":false,"showFlares":true,"showImageEffects":true,"showParticleSystems":true,"showVisualEffectGraphs":true,"m_FxEnabled":false},"in2DMode":false,"pivot":{"x":3.0399999618530275,"y":0.4939999580383301,"z":7.690000057220459},"rotation":{"x":-0.0007276692776940763,"y":0.9992792010307312,"z":-0.030295751988887788,"w":-0.023685570806264879},"size":1.8654911518096924,"orthographic":false}